{"cameraMode":{"drawMode":0,"name":"Shaded","section":"Shading Mode"},"sceneLighting":false,"audioPlay":false,"sceneViewState":{"showFog":true,"showMaterialUpdate":false,"showSkybox":false,"showFlares":true,"showImageEffects":true,"showParticleSystems":true},"in2DMode":false,"pivot":{"x":-3.569999933242798,"y":2.6800003051757814,"z":8.710000038146973},"rotation":{"x":-0.42495685815811159,"y":0.4327535629272461,"z":-0.2429189234972,"w":-0.7570555806159973},"size":0.6100002527236939,"orthographic":false}