{"cameraMode":{"drawMode":0,"name":"Shaded","section":"Shading Mode"},"sceneLighting":false,"audioPlay":false,"sceneViewState":{"showFog":true,"showMaterialUpdate":false,"showSkybox":false,"showFlares":true,"showImageEffects":true,"showParticleSystems":true},"in2DMode":false,"pivot":{"x":1.7906831502914429,"y":-34.134986877441409,"z":2.3719229698181154},"rotation":{"x":-0.19572560489177705,"y":0.44680750370025637,"z":-0.10085340589284897,"w":-0.8671160936355591},"size":44.271217346191409,"orthographic":false}