{"cameraMode":{"drawMode":0,"name":"Shaded","section":"Shading Mode"},"sceneLighting":true,"audioPlay":false,"sceneViewState":{"showFog":true,"showMaterialUpdate":false,"showSkybox":true,"showFlares":true,"showImageEffects":true,"showParticleSystems":true},"in2DMode":false,"pivot":{"x":0.34941864013671877,"y":-5.530790328979492,"z":13.65760326385498},"rotation":{"x":-0.557676374912262,"y":-0.043285585939884189,"z":0.02913947030901909,"w":-0.8284181356430054},"size":25.066801071166993,"orthographic":false}