{"cameraMode":{"drawMode":0,"name":"Shaded","section":"Shading Mode"},"sceneLighting":true,"audioPlay":false,"sceneViewState":{"showFog":true,"showMaterialUpdate":false,"showSkybox":true,"showFlares":true,"showImageEffects":true,"showParticleSystems":true},"in2DMode":false,"pivot":{"x":-45.91386413574219,"y":-10.615755081176758,"z":-46.19688034057617},"rotation":{"x":-0.4484712779521942,"y":0.45776796340942385,"z":-0.28859561681747439,"w":-0.711366593837738},"size":79.24626922607422,"orthographic":false}